{
  "delta": {
    "n_subjects": 10,
    "mean": 34.89142017444773,
    "sd": 10.823769825959662,
    "median": 31.766232980146082,
    "p10": 25.04093052671533,
    "p25": 26.046356662950434,
    "p75": 43.7847091750428,
    "p90": 50.19445348111954,
    "min": 23.629169589373724,
    "max": 52.04498393655348
  },
  "theta": {
    "n_subjects": 10,
    "mean": 12.498747589676254,
    "sd": 3.040114697586188,
    "median": 11.24636501524731,
    "p10": 9.494232794027408,
    "p25": 9.988758672964341,
    "p75": 15.252541260168602,
    "p90": 15.945011952068052,
    "min": 8.880650252022757,
    "max": 17.322096980152686
  },
  "alpha": {
    "n_subjects": 10,
    "mean": 9.460152523490041,
    "sd": 6.694207523913082,
    "median": 8.060011174766569,
    "p10": 5.223714955303108,
    "p25": 6.622196303813581,
    "p75": 8.841091509129843,
    "p90": 10.980007424400961,
    "min": 4.4001069439089715,
    "max": 27.965995504467525
  },
  "beta": {
    "n_subjects": 10,
    "mean": 32.78852708613473,
    "sd": 11.075438164303776,
    "median": 36.962565805991815,
    "p10": 17.880552548723145,
    "p25": 22.203158203381832,
    "p75": 40.910909569177655,
    "p90": 44.47162466173396,
    "min": 17.368102537932128,
    "max": 45.29843263150296
  },
  "gamma": {
    "n_subjects": 10,
    "mean": 7.728719212922895,
    "sd": 5.5523195622279795,
    "median": 5.536754970818005,
    "p10": 3.5673005120120305,
    "p25": 3.9933944638423813,
    "p75": 8.568529894189496,
    "p90": 15.34069677716069,
    "min": 2.818484707407067,
    "max": 19.916409043946608
  }
}